city,alias1,alias2,alias3,alias4,region,,
Abirim,,,,,North,,
Abu Amra,,,,,South,,
Abu Dis,,,,,Yosh,,
Abu Ghosh,Abu Gosh,,,,Jerusalem,,
Abu Krinat west of Kseifa,,,,,South,,
Abu Qrenat,,,,,North,,
Abu Snan,,,,,North,,
Abu Talul,Abu Talul and the Bedouin Diaspora,,,,South,,
Abu-Nuwar,,,,,Yosh,,
Abu-Rabia north of Kseifa,,,,,South,,Ashdod - Het
Achiezer,,,,,Center,,
Achihud,,,,,North,,
Achita,,,,,Yosh,,
Achva,,,,,Center,,
Achziv Miluot Industrial Zone,,,,,North,,
Ad Halom,Ad Halom Industrial Zone,,,,Center,,
Adanim,Adanim Youth Village,,,,Center,,
Adei Ad,,,,,Yosh,,
Aderet,,,,,Center,,
Adi,,,,,North,,
Adora,,,,,Yosh,,
Adorayim,,,,,Yosh,,
Afek,"Afek and Lev Ha""aretz Industrial Zone",,,,North,,
Afik,,,,,North,,
Afikim,,,,,North,,
Afula,,,,,North,,
Agrigada Factory,,,,,South,,
Agur,,,,,Center,,
Ahisemech,,,,,Haifa,,
Ahituv,,,,,Center,,
Ahuzam,,,,,Center,,
Ahuzat Barak,,,,,Center,,
Airport City,,,,,Center,,
Akko,Acco - Industrial Zone,Acre,Akko New Cemetery,,North,,
Al Arian,,,,,North,,
Al Azi,,,,,Center,,
Al Hail,,,,,South,,
Al Kaskar,,,,,South,,
Al Khawaled - West,,,,,Haifa,,
Alef,,,,,Center,,
Alfei Menashe,,,,,Center,,
Alkosh,,,,,North,,
Alma,,,,,North,,
Almagor,,,,,North,,
Almog,,,,,South,,
Almon,,,,,Yosh,,
Alon,,,,,Yosh,,
Alon HaGalil,,,,,North,,
Alon HaTavor Industrial Zone,,,,,North,,
Alon Shvut,,,,,Yosh,,
Alonei Abba,,,,,North,,
Alonei HaBashan,,,,,North,,
Alonei Itzhak,,,,,North,,
Alonim,,,,,North,,
AlSayid,,,,,South,,
Al-Sayyid and the Bedouin diaspora,,,,,South,,
Aluma,,,,,Center,,
Alumim,,,,,South,,
Alumot,,,,,North,,
al-Walja,,,,,Yosh,,
Amatz,,,,,Yosh,,
Amatzia,,,,,Yosh,,
Amiad,,,,,North,,
Amichai,,,,,Yosh,,
Amikam,,,,,North,,
Aminadav,,,,,Jerusalem,,
Amioz,,,,,South,,
Amir,,,,,North,,
Amirim,,,,,North,,
Amka,,,,,North,,
Amnon,,,,,North,,
Amnon Beach,,,,,North,,
Amuka,,,,,North,,
Anata,,,,,Yosh,,
Aniam,,,,,North,,
Arab Al Naim,,,,,North,,
Arab al-Aramshe,,,,,North,,
Arad,,,,,South,,
Ar'ara,,,,,North,,
Ar'ara BaNegev,,,,,North,,
Arara in the Negev,,,,,South,,
Arbel,,,,,North,,
Ardanel Ranch,,,,,South,,
Argaman,,,,,South,,
Ariel,,,,,Yosh,,
Ariel Industrial Park,,,,,Yosh,,
Aroer (Ar'ara BaNegev),,,,,South,,
Arraba,,,,,North,,
Arsuf,,,,,Tel Aviv,,
Arugot,,,,,Center,,
Asa'el,,,,,Yosh,,
Ashalim,,,,,South,,
Ashdod,Alef,Tet,Tet Vav,Yod Gimmel,Center,,
Ashdod,Ashdod - Northern Industrial Zone and port,12,15,17,Center,,
Ashdod,Ashdod-11,יא,Ashdod - Yod Alef,יב,Center,,
Ashdod,Ashdod - Gimmel,Ashdod - Gimmel,Yod,Yod Zain,Center,,
Ashdod,Yod Alef,Yod Bet,Yod Dalet,אשדוד,Center,,
Ashdod,טו,יז,מרינה,Dalet,Center,,
Ashdod,סיט** - אשדוד -יא,Marine,City,Te*,Center,,
Ashdod,Ashdod - Het,,,,Center,,
Ashdod Yacov Ichud,Ashdot Yaacov Meuhad,Ashdot Yaakov Meuhad,Ashdot Yaacov,,North,,
Ashkelon,Ashkelon Northern Industrial Zone,Ashkelon Southern Industrial Zone,Ashkelon Industrial Area,Ashqelon,South,,
Ashkelon,Ashkelon - North,Ashkelon - South,,,South,,
Asseret,,,,,Center,,
Atlit,,,,,Haifa,,
Atteret,,,,,Yosh,,
Atzmon (Segev),,,,,North,,
Avdon,,,,,North,,
Aviel,,,,,North,,
Aviezer,,,,,Yosh,,
Avigdor,,,,,Center,,
Avihail,,,,,Center,,
Avivim,,,,,North,,
Avnat,,,,,South,,
Avnei Eitan,,,,,South,,
Avnei Hefetz,,,,,Yosh,,
Avshalom,,,,,South,,
Avshalom Industries,,,,,South,,
Avtalion,,,,,North,,
Ayanot,,,,,Center,,
Ayelet HaShachar,,,,,North,,
Ayn al-Sahla,,,,,Haifa,,
A-Zaim,,,,,Yosh,,
Azaria,,,,,Center,,
Azor,,,,,Center,,
Azriel,,,,,Center,,
Azrikam,,,,,Center,,
Azur,,,,,Tel Aviv,,
Azuz,,,,,South,,
Bahan,,,,,Tel Aviv,,
Balfuria,,,,,North,,
Baqa al-Gharbiyye,,,,,Haifa,,
Bar Giora,,,,,Jerusalem,,
Bar Lev Industrial Zone,,,,,North,,
Bar On Industrial Zone,,,,,Yosh,,
Bar Yochai,,,,,North,,
Baram,,,,,North,,
Bareket,,,,,Center,,
Barkai,,,,,North,,
Barkan,Barkan Industrial Park,,,,Yosh,,
Bart'a,,,,,North,,
Basmat Tab'un,,,,,North,,
Bat Ayin,,,,,Yosh,,
Bat Chen,,,,,Center,,
Bat Hadar,,,,,Center,,
Bat Hefer,,,,,Center,,
Bat Shlomo,,,,,North,,
Bat Yam,Bat-Yam,,,,Tel Aviv,,
Batzra,,,,,Center,,
Be'er Ganim,,,,,Center,,
Be'er Milka,,,,,South,,
Be'er Ora,,,,,South,,
Be'er Tuvia,Be'er Tuvia Industrial Zone,,,,Center,,
Be'er Ya'akov,Be'er Yacov,Be'er Ya`aqov,,,Center,,
Be'ere Ganim,,,,,Center,,
Be'eri,,,,,South,,
Be'erot Itzhak,,,,,Center,,
Be'erotaim,,,,,Center,,
Beersheba,Beer Sheva,Beer Sheva - East,Beer Sheva - North,Beer Sheva - South,South,,
Beersheba,Beer Sheva - West,,,,South,,
Beit Alfa and Heftziba,,,,,North,,
Beit Arie,,,,,Yosh,,
Beit Arif,,,,,Center,,
Beit Berl,,,,,Center,,
Beit Dagan,,,,,Center,,
Beit Duko,,,,,Yosh,,
Beit El,,,,,Yosh,,
Beit Elazari,,,,,Center,,
Beit Ezra,,,,,Center,,
Beit Gamliel,,,,,Center,,
Beit Guvrin,,,,,Center,,
Beit HaArava,,,,,South,,
Beit HaEmek,,,,,North,,
Beit Hagai,,,,,Yosh,,
Beit HaGdi,N.A.M. Industrial Park,,,,South,,
Beit HaLevi,,,,,Haifa,,
Beit Hanan,,,,,Center,,
Beit Hanania,,,,,North,,
Beit Haniya,,,,,Yosh,,
Beit HaShita,,,,,North,,
Beit Hashmonai,,,,,Center,,
Beit Hazon,,,,,Center,,
Beit Herut,,,,,Center,,
Beit Hilkia,,,,,Center,,
Beit Hillel,,,,,North,,
Beit Horon,,,,,Yosh,,
Beit Ijazah,,,,,Yosh,,
Beit Jann,,,,,North,,
Beit Kama,,,,,South,,
Beit Keshet,,,,,North,,
Beit Meir,,,,,Jerusalem,,
Beit Nechemia,,,,,Center,,
Beit Nekofa,,,,,Jerusalem,,
Beit Nir,,,,,Center,,
Beit Oren,,,,,North,,
Beit Oved,,,,,Center,,
Beit Raban,,,,,Center,,
Beit Rimon,,,,,North,,
Beit Shea'rim,,,,,North,,
Beit Shikma,,,,,Center,,
Beit Uziel,,,,,Center,,
Beit Yannai,,,,,Center,,
Beit Yatir,,,,,South,,
Beit Yehoshua,,,,,Center,,
Beit Yerah,,,,,North,,
Beit Yithak - Sha'ar Hefer,,,,,Center,,
Beit Yossef,,,,,North,,
Beit Zayit,,,,,Jerusalem,,
Beit Zera,,,,,North,,
Beit Zvi,,,,,North,,
Beitar Illit,,,,,Yosh,,
Beka'ot,,,,,North,,
Beko'a,,,,,Center,,
Ben Ami,,,,,Center,,
Ben Gurion College,,,,,South,,
Ben Shemen,Ben Shemen Youth Village,,,,Center,,
Ben Zakai,Ben Zakkay,,,,Center,,
Berekhya,,,,,Center,,
Berurim,,,,,Center,,
Bet,,,,,Center,,
Bet She'an,Beit She'an,Beit Shean,,,North,,
Bet Shemesh,Beit Shemesh,,,,Jerusalem,,
Betar Illit,,,,,Yosh,,
Bethlehem of Galilee,,,,,North,,
Betzet,Betzet Beach,,,,North,,
Bido,,,,,Yosh,,
Bi'ina,,,,,North,,
Bilu Shopping Center,,,,,Center,,
Binyamina,,,,,North,,
Binyamina Junction,,,,,North,,
Bir al-Maksur,,,,,North,,
Bir Hadaj,,,,,South,,
Bir Nabala,,,,,Yosh,,
Biriyeh,,,,,North,,
Bitan Aharon,,,,,Center,,
Bitha,,,,,South,,
Bitzaron,,,,,Center,,
Bnaya,,,,,Center,,
Bnei Atarot,,,,,Center,,
Bnei Ayish,,,,,Center,,
Bnei Brak,Bene Beraq,,,,Tel Aviv,,
Bnei Darom,Bnei Darom Compound,,,,Center,,
Bnei Dkalim,,,,,Yosh,,
Bnei Dror,,,,,Center,,
Bnei Netzarim,Gaza Containment 238** - Bnei Netzarim,,,,South,,
Bnei Netzarim,,,,,South,,
Bnei Re'em,,,,,Center,,
Bnei Yehuda Industrial Zone,Bnei Yehuda and Givat Yoav,,,,South,,
Bnei Zion,,,,,Center,,
bqa al-Gharbiyye,,,,,North,,
Brenner Industries,,,,,Center,,
Bror Hayil,Gaza Containment 251** - Bror Hayil,,,,South,,
Bror Hayil,,,,,South,,
Brosh,Brosh Industrial Zone,,,,Center,,
Brukhin,,,,,Yosh,,
Bu'eine Nujeidat,,,,,North,,
Buq'ata,,,,,North,,
Burgata,,,,,Center,,
Bustan HaGalil,,,,,North,,
Cabri,,,,,North,,
Caesarea,Caesarea Industrial Zone,Caesarea Marine Center,,,North,,
Carmel (village near Haifa),,,,,Haifa,,
Carmel Forest Spa Resort,,,,,Haifa,,
Carmiel Industrial Zone,,,,,North,,
Carmit,,,,,South,,
Central Sharon Regional Council,,,,,Center,,
Cinema City Glilot,,,,,Center,,
Daburiyya,,,,,North,,
Dafna,,,,,North,,
Dalia,,,,,North,,
Daliyat al-Karmel,,,,,Haifa,,
Dalton,,,,,North,,
Damon Priosn,,,,,North,,
Dan,,,,,North,,
Daniel,,,,,South,,
Darijat,,,,,South,,
Davira,,,,,South,,
Dead Sea Factories,Dead Sea Industries,Dead Sea Hotels,Dead Sea Hotels - Center,,South,,
Degania Alef,Degania Bet,,,,North,,
Deir al-Asad,,,,,North,,
Deir Hanna,,,,,North,,
Dekel,,,,,South,,
Dimona,Dimona Industrial Zone,,,,South,,
Dir Karmizan,,,,,Yosh,,
Dishon,,,,,North,,
Dmeide,,,,,Center,,
Dolev,,,,,Yosh,,
Dor,,,,,North,,
Dorot,,,,,South,,
Dovev,,,,,North,,
Dovrat,,,,,North,,
Duda'im Site,,,,,South,,
Duga,,,,,North,,
Dugit Beach,,,,,North,,
Dvir,,,,,South,,
Dvira Junction,,,,,South,,
East,,,,,North,,
Ed-Dahi,,,,,North,,
Efrat,,,,,Yosh,,
Eilabun,,,,,North,,
Eilat,,,,,South,,
Eilon,,,,,North,,
Eilot,,,,,South,,
Ein al-Asad,,,,,North,,
Ein as-Sahla,,,,,North,,
Ein Ayala,,,,,North,,
Ein Bokek,,,,,South,,
Ein Carmel,,,,,North,,
Ein Chod,,,,,North,,
Ein Dor,,,,,North,,
Ein Gedi,,,,,South,,
Ein Gedi Baths,,,,,South,,
Ein Gev,,,,,North,,
Ein Habasur,,,,,South,,
Ein HaBsor,,,,,South,,
Ein HaEmek,,,,,North,,
Ein HaHoresh,,,,,Center,,
Ein HaMifratz,,,,,Haifa,,
Ein HaNatziv,,,,,North,,
Ein Harod,,,,,North,,
Ein HaShlosha,,,,,South,,
Ein HaShofet,,,,,North,,
Ein Hatzava,,,,,South,,
Ein Hatzeva,,,,,South,,
Ein Hod,,,,,North,,
Ein Iron,,,,,North,,
Ein Kamonim,,,,,North,,
Ein Kerem Boarding School,,,,,Jerusalem,,
Ein Mahil,,,,,North,,
Ein Naqquba,,,,,Center,,
Ein Quiniyye,,,,,North,,
Ein Rafa,,,,,Jerusalem,,
Ein Sarid,,,,,Center,,
Ein Shemer,,,,,North,,
Ein Tamar,,,,,South,,
Ein Tzurim,,,,,Center,,
Ein Vered,,,,,Center,,
Ein Yacov,,,,,North,,
Ein Yahav,,,,,South,,
Ein Zivan,,,,,North,,
Einat,,,,,Center,,
Einav,,,,,Center,,
Eitan,,,,,Center,,
E'izariya,,,,,Yosh,,
El Amrani,,,,,South,,
El For'eh,,,,,South,,
El Masaq,,,,,South,,
El Rom,,,,,North,,
Elad,El`ad,El'ad,,,Center,,
Elazar,,,,,Yosh,,
Elei Zahav,,,,,Yosh,,
Eli,,,,,Yosh,,
Eliad,,,,,South,,
Eliav,,,,,Yosh,,
Elifelet,,,,,North,,
Elipaz,,,,,South,,
Elipaz and Timna Mines,,,,,South,,
Elishama,Elishema,,,,Center,,
Elkana,,,,,Center,,
Elon Moreh,,,,,Yosh,,
Elyachin,,,,,Center,,
Elyakim,,,,,North,,
Elyashiv,,,,,North,,
Emek Heffer Industrial Zone,,,,,Center,,
Emunim,,,,,Center,,
Erez,,,,,South,,
Eshbal,,,,,Center,,
Eshbol,,,,,South,,
Eshchar,,,,,Center,,
Eshel Hanasi Regional School,,,,,South,,
Eshel HaNassi,,,,,South,,
Eshkol Regional Council,,,,,South,,
Eshkolot,,,,,South,,
Eshtaol,,,,,Center,,
Et Tira,,,,,Center,,
Etz Ephraim,,,,,Center,,
Even Menachem,,,,,North,,
Even Sapir,,,,,Jerusalem,,
Even Shmuel,,,,,Center,,
Even Yehuda,,,,,Center,,
Evron,,,,,North,,
Eyal,,,,,Center,,
Ezer,,,,,Center,,
Farod,,,,,North,,
Fassuta,,,,,North,,
Fureidis,,,,,North,,
Ga'ash,,,,,Center,,
Ga'aton,,,,,North,,
Gadot,,,,,North,,
Gal'ed,,,,,North,,
Galon,,,,,Center,,
Gan Chaim,,,,,Center,,
Gan HaDarom,,,,,Center,,
Gan Haim,,,,,Center,,
Gan HaShomron,,,,,North,,
Gan Ner,,,,,North,,
Gan Shlomo,,,,,Center,,
Gan Shmuel,,,,,North,,
Gan Sorek,,,,,Center,,
Gan Yavne,,,,,Center,,
Gan Yoshia,,,,,Center,,
Ganei Am,,,,,Center,,
Ganei Hadar,,,,,Center,,
Ganei Tal,,,,,Center,,
Ganei Tikva,Ganei Tikvah,,,,Center,,
Ganei Yochanan,,,,,Center,,
Ganey Hugga,,,,,North,,
Ganot,,,,,Center,,
Gat,,,,,Center,,
Gat Rimon,,,,,Center,,
Gavim,,,,,South,,
Gazit,,,,,North,,
Gdera,,,,,Center,,
Ge'a,,,,,Center,,
Ge'alya,,,,,Center,,
Gedera,Gedera Industrial Area,,,,Center,,
Geffen,,,,,Center,,
Genigar,,,,,North,,
Gesher,,,,,North,,
Gesher HaZiv,,,,,North,,
Geulei Teiman,,,,,Center,,
Geulim,,,,,Center,,
Geva Binyamin,,,,,Yosh,,
Geva Carmel,,,,,North,,
Gezer,,,,,Center,,
Ghajar,,,,,North,,
Gharbiyye,,,,,North,,
Gibton,,,,,Center,,
Gidona,,,,,North,,
Gilat,,,,,South,,
Gilat Experimental Station,,,,,South,,
Gilboa Ski Resort,,,,,North,,
Gilgal,,,,,North,,
Gimmel,,,,,Center,,
Gimzo,,,,,Center,,
Ginaton,,,,,Center,,
Ginosar,,,,,North,,
Ginot Hadar,,,,,Center,,
Gita,,,,,North,,
Gitit,,,,,North,,
Givat Ada,,,,,North,,
Giv'at Asaf,,,,,Yosh,,
Giv'at Avni,,,,,North,,
Givat Brenner,,,,,Center,,
Givat Ela,,,,,North,,
Givat Haim (Ihud),,,,,Center,,
Givat Haim (Meuhad),,,,,Center,,
Giv'at Har'el and Giv'at HaRoeh,,,,,Yosh,,
Givat HaShlosha,,,,,Center,,
Givat Haviva,,,,,North,,
Givat Hen,"Givat He""""n",Givat He''n,,,Center,,
Givat Ishayahu,,,,,Center,,
Giv'at Ko'ah,,,,,North,,
Givat Nili,,,,,North,,
Givat Oz,,,,,North,,
Givat Shapira,,,,,Center,,
Givat Shmuel,Giv'at Shmuel,Giv`at Shemu'el,,,Center,,
Givat Washington,,,,,Center,,
Givat Wolfson,,,,,North,,
Givat Yearim,,,,,Jerusalem,,
Givat Ze'ev,Giv'at Ze'ev,,,,Yosh,,
Givatayim,Givatiim,,,,Tel Aviv,,
Givati,,,,,Center,,
Givolim,,,,,South,,
Givon HaHadasha,,,,,Jerusalem,,
Giv'ot Bar,,,,,South,,
Giv'ot Eden,,,,,Jerusalem,,
Gizo,,,,,Center,,
Gofra Beach,,,,,North,,
Golan (general),,,,,North,,
Golani Memorial Site,,,,,North,,
Gonen,,,,,North,,
Goral Hills,,,,,Center,,
Goren,,,,,North,,
Goren Farm Guesthouse,,,,,North,,
Gornot HaGalil,,,,,North,,
Grofit,Grufit,,,,South,,
Gshur,,,,,North,,
Gush Etzion Junction,,,,,Yosh,,
Gvaot,,,,,Yosh,,
Gvaram,,,,,South,,
Gvat,,,,,North,,
Gvulot,,,,,South,,
HaBonim,,,,,North,,
Had Ness,,,,,North,,
Hadar Am,,,,,Center,,
Hadar and Downtown Lower City (Haifa neighbourhood),,,,,Haifa,,
Hadera,Hadera - Center,Hadera - East,Hadera - Neveh Haim,Hadera - West,Haifa,,
Hadid,,,,,Center,,
Ha'Ela Junction,,,,,Center,,
Hafetz Haim,,,,,Center,,
Hagor,,,,,Center,,
HaGoshrim,,,,,North,,
HaHotrim,,,,,North,,
Haifa,Hadar and Downtown Lower City (Haifa neighbourhood),Haifa Bay,Haifa - Bay,Haifa - Carmel,Haifa,,
Haifa,Haifa - Carmel and Lower City,Haifa - Kiryat Haim & Kiryat Shmuel,Haifa - Ramot HaCarmel and Neveh Sha'anan,Haifa - West,Haifa,,
Hajajre,,,,,North,,
Hakfar Hayarok,,,,,Tel Aviv,,
Halamish,,,,,Yosh,,
Halukim Beach,,,,,South,,
HaMa'apil,,,,,Center,,
Hamadia,,,,,North,,
Hamat gader,,,,,North,,
Hamra,,,,,North,,
Hanaton,,,,,North,,
Haniel,,,,,Center,,
Hanita,,,,,North,,
HaOgen,,,,,Center,,
Ha'On,,,,,North,,
Har Adar,,,,,Yosh,,
Har Amsha,,,,,Yosh,,
Har Bracha,,,,,Yosh,,
Har Chalutz,,,,,North,,
Har Gilo,,,,,Yosh,,
Har Halutz,,,,,North,,
Har HaNegev,,,,,South,,
Har Tuv - Tzora Industrial Zone,,,,,Center,,
Hararit Yachad,,,,,Center,,
Harashim,,,,,North,,
Harduf,,,,,North,,
Harel,,,,,Center,,
Harish,,,,,Haifa,,
Harutzim,,,,,Center,,
HaSharon Prison,,,,,Center,,
Hashmonaim,,,,,Center,,
HaSollelim,,,,,North,,
Haspin,,,,,North,,
Hatzav,,,,,Center,,
Hatzav Industrial Zone,,,,,Center,,
Hatzba,,,,,South,,
Hatzerim,,,,,South,,
Hatzeva,,,,,South,,
Hatzor,,,,,Center,,
Hatzor Ashdod,,,,,Center,,
Hatzor HaGlilit,,,,,North,,
Hatzor HaGlilit Industrial Zone,,,,,North,,
Havat Eden,,,,,North,,
Havat Gil'ad,,,,,North,,
Havat Izra'am,,,,,Yosh,,
Havat Sdeh Bar,,,,,Yosh,,
Havat Shalem,,,,,Tel Aviv,,
Havat Shikmim,,,,,South,,
Havat Yair,,,,,Yosh,,
Havat Yizraam,,,,,South,,
Havatzelet HaSharon and Tzukei Yam,,,,,Center,,
HaYogev,,,,,North,,
Hazon,,,,,Center,,
HaZor'im,,,,,North,,
Hebron,,,,,Yosh,,
Heh,,,,,Center,,
Heletz,,,,,South,,
Hemdat,,,,,North,,
Hemed,,,,,Center,,
Herev Le'Et,,,,,Center,,
Hermesh,,,,,Yosh,,
Herut,,,,,Center,,
Herzliyya,Herzliya,Herzeliya - Center and Glil Yam,Herzeliya,Herzliya - West,Tel Aviv,,
Herzliyya,Herzliya - East,Cinema City Glilot,Gelilot - Pi Compound,Galil Yam,Tel Aviv,,
Het,,,,,Center,,
Hevel Modi'in Industrial Zone,,,,,Center,,
Hevron Jewish Settlement,,,,,Yosh,,
Hibat Zion,,,,,Center,,
Hila,,,,,Center,,
Hinanit,,,,,North,,
Hiran,,,,,South,,
Hizma,,,,,Yosh,,
Hod HaSharon,Hod Hsharon,,,,Center,,
Hodaya,,,,,Center,,
Hodayot,,,,,North,,
Hofit,,,,,Center,,
Hogla,,,,,Center,,
Holit,,,,,South,,
Holon,,,,,Tel Aviv,,
Horasha,,,,,Center,,
Horashim,,,,,Center,,
Hoshaya,,,,,North,,
Hossen,,,,,North,,
Hukok,,,,,North,,
Hulata,,,,,North,,
Hulda,,,,,Center,,
Hura,,,,,South,,
Hurfeish,,,,,North,,
Hussniyya,,,,,North,,
Ibillin,,,,,North,,
Ibim,Ivim,איבים,,,South,,
Ibtin,,,,,North,,
Idan,,,,,South,,
Idan HaNegev Industrial Zone,,,,,South,,
Idmit,,,,,North,,
Ifat,,,,,North,,
Iftach,,,,,North,,
Iksal,,,,,North,,
Ilania,,,,,North,,
Ilanot,,,,,Center,,
Ilut,,,,,North,,
Immanuel,,,,,Yosh,,
Inbar,,,,,North,,
Ir Ovot,Ir Ubot,,,,South,,
Irus,,,,,Center,,
Isfiya,,,,,Haifa,,
Ishpro Center,,,,,Center,,
Itamar,,,,,Yosh,,
Itzhar,,,,,Yosh,,
Jadeidi-Makr,,,,,North,,
Jadeidi‑Makr,,,,,North,,
Jahalin,,,,,Yosh,,
Jaljulia,,,,,Center,,
Jatt,,,,,North,,
Jerusalem,Jerusalem - Atarot Industrial Zone,Jerusalem - Center,Jerusalem - East,Jerusalem - North,Jerusalem,,
Jerusalem,Jerusalem - Qafr 'Aqab,Jerusalem - South,Jerusalem - West,,Jerusalem,,
Jib,,,,,Yosh,,
Jish (Gush Halav),,,,,North,,
Jisr az-Zarqa,Jisr ez Zarqa,,,,North,,
Jordan River Rafting (tourist site near Jordan River),,,,,North,,
Judira,,,,,Yosh,,
Julis,,,,,North,,
Ka'abiyye,,,,,Haifa,,
Ka'abiyye Tabbash,,,,,North,,
Kabul,,,,,North,,
Kadarim,,,,,North,,
Kadesh Barneah,,,,,South,,
Kadima Tzoran,Kadima-Zoran,Qadima - Zoran,,,Center,,
Kadita,,,,,North,,
Kadoorie,,,,,Haifa,,
Kafr Bara,,,,,Center,,
Kafr Misr,,,,,Center,,
Kafr Qara,,,,,Haifa,,
Kafr Qasim,,,,,Center,,
Kafr Tabbash,,,,,Haifa,,
Kahal,,,,,North,,
Kalanit,,,,,North,,
Kalia Beach,Kalia,,,,Yosh,,
Kamon,,,,,North,,
Kanaf,,,,,North,,
Kannot,,,,,Center,,
Kannot Industrial Zone,Kanot Industries,,,,Center,,
Karkom,,,,,North,,
Karmei Gat,,,,,Center,,
Karmei Katif,,,,,Yosh,,
Karmei Tzur,,,,,Yosh,,
Karmei Yossef,,,,,Center,,
Karmia,,,,,South,,
Karmiel,,,,,North,,
Karnei Shomron,,,,,Yosh,,
Kasifa,,,,,South,,
Katura,,,,,South,,
Katzir,,,,,North,,
Katzrin,Katzrin - Industrial Area,,,,North,,
Kaukab Abu al‑Hija,Kaukab Abu al-Hija,,,,North,,
Kdumim,,,,,Yosh,,
Kedar,,,,,Yosh,,
Kedma,,,,,Center,,
Kefar Yona,Kfar Yona,,,,Center,,
Keidar,,,,,South,,
Kela,,,,,North,,
Kerem Ben Zimra,,,,,North,,
Kerem BeYavne,,,,,Center,,
Kerem Maharal,,,,,North,,
Kerem Reim,,,,,Yosh,,
Kerem Shalom,,,,,South,,
Kerem Yavneh,,,,,Center,,
Keshet,,,,,North,,
Kfar Achim,,,,,Center,,
Kfar Aviv,,,,,Center,,
Kfar Avoda,,,,,Center,,
Kfar Aza,Kfar Azza,,,,South,,
Kfar Azar,,,,,Tel Aviv,,
Kfar Bara,,,,,Center,,
Kfar Baruch,Kfar Baruch train station,,,,Haifa,,
Kfar Bilu,,,,,Center,,
Kfar Bin Nun,,,,,Center,,
Kfar Biyalik,,,,,North,,
Kfar Blum,,,,,North,,
Kfar Chabad,,,,,Center,,
Kfar Daniel,,,,,Center,,
Kfar Edomim,,,,,Yosh,,
Kfar Eldad,,,,,Yosh,,
Kfar Etzion,,,,,Yosh,,
Kfar Galim,,,,,North,,
Kfar Gidon,,,,,North,,
Kfar Giladi,,,,,North,,
Kfar Glickson,,,,,North,,
Kfar HaHoresh,,,,,North,,
Kfar Haim,,,,,Center,,
Kfar HaMaccabi,,,,,North,,
Kfar HaNagid,,,,,Center,,
Kfar Hanania,,,,,North,,
Kfar HaNassi,,,,,North,,
Kfar HaNokdim,,,,,South,,
Kfar HaOranim,,,,,Center,,
Kfar Hari'f,Kfar HaRif and Re'em Junction,,,,Center,,
Kfar HaRoeh,,,,,Center,,
Kfar Haruv,,,,,North,,
Kfar Has,,,,,Center,,
Kfar Hassidim,,,,,Haifa,,
Kfar Hess,,,,,Center,,
Kfar Hittim,,,,,North,,
Kfar Kama,,,,,North,,
Kfar Kana,,,,,North,,
Kfar Kara,,,,,North,,
Kfar Kasem,Kfar Kassem,,,,Center,,
Kfar Kish,,,,,North,,
Kfar Maimon,Kfar Maimon and Tushia,,,,South,,
"Kfar Mal""""al",Kfar Mal''al,,,,Center,,
Kfar Manda,,,,,North,,
Kfar Masaryk,,,,,North,,
Kfar Menachem,,,,,Center,,
Kfar Monash,,,,,Center,,
Kfar Mordechai,,,,,Center,,
Kfar Nahum,כפר נחום,,,,North,,
Kfar Nehar HaYarden,,,,,North,,
Kfar Netter,,,,,Center,,
Kfar Pinnes,,,,,North,,
Kfar Ruppin,,,,,North,,
Kfar Rut,,,,,Center,,
Kfar Saba,Kefar Sava,,,,Center,,
Kfar Shamai,,,,,North,,
Kfar Shmariyahu,Kfar Shmaryahu,,,,Tel Aviv,,
Kfar Shmuel,,,,,Center,,
Kfar Silver,,,,,Center,,
Kfar Sirkin,,,,,Tel Aviv,,
Kfar Szold,,,,,North,,
Kfar Tapuach,,,,,Yosh,,
Kfar Tavor,,,,,North,,
Kfar Tikva,,,,,Center,,
Kfar Truman,,,,,Center,,
Kfar Uriah,,,,,Center,,
Kfar Vitkin,,,,,Center,,
Kfar Vradim,,,,,North,,
Kfar Warburg,,,,,Center,,
Kfar Yassif,,,,,North,,
Kfar Yavetz,,,,,Center,,
Kfar Yechezkel,,,,,Haifa,,
Kfar Yedidia,,,,,Center,,
Kfar Yehoshua,Kfar Yehoshua Train Station,,,,North,,
Kfar Yona Industrial Zone,,,,,Center,,
Kfar Yuval,,,,,North,,
Kfar Zeitim,,,,,North,,
Kfar Zoharim,,,,,Center,,
Khawaled,,,,,North,,
Kibutz Dan,,,,,North,,
Kibutz Megiddo,,,,,North,,
Kida,,,,,Yosh,,
Kidmat Galil Industrial Zone,,,,,North,,
Kidmat Zvi,,,,,North,,
Kidron,,,,,Center,,
Kinar,,,,,North,,
Kinneret Academic College,,,,,North,,
Kiryat Anavim,,,,,Jerusalem,,
Kiryat Arba,,,,,Yosh,,
Kiryat Ata,,Qiryat Ata,,,Haifa,,
Kiryat Atta,,,,,Haifa,,
Kiryat Bialik,Kiryat Biyalik,Kiryat Bialik Industrial Zone,Qiryat Bialik,,Haifa,,
Kiryat Ekron,,,,,Center,,
Kiryat Gat,Qiryat Gat,Kiryat Gat - Industrial Zone,,,South,,
Kiryat Malakhi,Kiryat Malachi,Kiryat Mal'akhi‑Yoav train station,Qiryat Mal'akhi,Kiryat Mal'akhi-Yoav train station,South,,
Kiryat Motzkin,,,Qiryat Mozqin,,Haifa,,
Kiryat Netafim,,,,,Yosh,,
Kiryat Ono,Kiriyat Ono,Qiryat Ono,,,Tel Aviv,,
Kiryat Shmona,Kiryat Shemone,קריית שמונה,Qiryat Shemona,,North,,
Kiryat Tivon - Beit Zaid,Kiryat Tiv'on-Beit Zaid,,,,Haifa,,
Kiryat Yam,,Qiryat Yam,,,Haifa,,
Kiryat Yearim,Kiryat Ye'arim Youth Village,,,,Jerusalem,,
Kishon Prison (Haifa area),,,,,Haifa,,
Kishor,,,,,North,,
Kisra‑Sumei,Kisra-Sumei,,,,North,,
Kissufim,Kisufim,,,,South,,
Klachim,,,,,South,,
Klil,,,,,North,,
Kmehin,,,,,South,,
Kohav Yair,,,,,Center,,
Kohla,,,,,South,,
Kohla and Mikhol,,,,,South,,
Kokhav HaShahar,,,,,Yosh,,
Kokhav Michael,,,,,Center,,
Kokhav Ya'akov,,,,,Yosh,,
Kokhav Ya'ir - Tzur Yigal,,,,,Center,,
Kommemiut,,,,,Center,,
Koranit,,,,,North,,
Korazim Vered HaGalil,,,,,North,,
Kramim,,,,,South,,
Ksalon,,,,,Jerusalem,,
Ktura,,,,,South,,
Kursi,,,,,North,,
Kuseife,,,,,South,,
Kushi Rimon,,,,,South,,
Kvutzat Geva,,,,,Center,,
Kvutzat Kinneret,,,,,North,,
Kvutzat Yavne,,,,,Center,,
Kyriat Ekron,,,,,Center,,
Lahav,,,,,South,,
Lakhish,,,,,Center,,
Lakiya and the Bedouin Diaspora,,,,,South,,
Lapid,,,,,Center,,
Lapidot,,,,,North,,
Laqiya,,,,,South,,
Latrun,,,,,Center,,
Lavi,,,,,North,,
Lavnun,,,,,North,,
Lavon,,,,,North,,
Lehavim,,,,,South,,
Lehavot HaBashan,,,,,North,,
Lehavot Haviva,,,,,North,,
Lehman,,,,,North,,
Lev Ha‑Hula,לב החולה,Lev Ha-Hula,,,North,,
Livnim,,,,,North,,
Lochamei HaGetaot,,,,,North,,
Lod,,,,,Center,,
Lotan,,,,,South,,
Lotem and Hamdon,,,,,North,,
Lowlands 182** - Gan Shlomo,,,,,Center,,
Lowlands 184** - Mishmar David,,,,,Center,,
Luzit,,,,,Center,,
Ma'abarot,,,,,Center,,
Maagalim,,,,,South,,
Maagalim Givolim Melilot,,,,,South,,
Ma'agan Michael,Ma'agan,,,,North,,
Maale Adumim,,,,,Yosh,,
Ma'ale Hever,,,,,Yosh,,
Ma'ale Rekhav'am,,,,,Yosh,,
Ma'aleh Adumim,Ma'aleh Edomim,,,,Yosh,,
Ma'aleh Amos,,,,,Yosh,,
Ma'aleh Ephraim,,,,,Yosh,,
Ma'aleh Gamla,,,,,North,,
Ma'aleh Gilboa,,,,,North,,
Ma'aleh HaHamisha,,,,,Jerusalem,,
Ma'aleh Iron,,,,,North,,
Ma'aleh Levona,,,,,Yosh,,
Ma'aleh Michmash,,,,,Yosh,,
Ma'aleh Zvia,,,,,Center,,
Maalot Tarshiha,Ma'alot-Tarshiha,Ma'a lot Tarshicha,Ma`alot Tarshiha,,North,,
Ma'anit,,,,,North,,
Maas,,,,,Tel Aviv,,
Ma'ayan Baruch,,,,,North,,
Ma'ayan Zvi,,,,,North,,
Mabu'im,,,,,South,,
Machanaim,Machanaim landing pad,,,,North,,
Magal,,,,,North,,
Ma'galim,,,,,South,,
Magen,,,,,South,,
Magen Shaul,,,,,North,,
Maghar,,,,,North,,
Magshimim,,,,,Tel Aviv,,
Mahsiya,,,,,Jerusalem,,
Majd al‑Krum,Majd al-Krum,,,,North,,
Majdal Shams,,,,,North,,
Malakhi Junction Industries,,,,,Center,,
Malkia,,,,,North,,
Mamshit,,,,,South,,
Manara,,,,,North,,
Manof,,,,,North,,
Manot,,,,,North,,
Manshiya Zabda,,,,,North,,
Ma'on,,,,,Yosh,,
Ma'on Factories,,,,,South,,
Maon Tzofia,,,,,South,,
Maona (if referring to Bedouin site),,,,,South,,
Maor,,,,,North,,
Maoz Haim,,,,,North,,
Margaliot,,,,,North,,
Mar'it,,,,,Yosh,,
Marom HaGalil Regional Center,,,,,North,,
Masada,,,,,North,,
Mas'ade,,,,,North,,
Mashabei Sadeh,,,,,South,,
Mashhad,,,,,North,,
Maskiot,,,,,Yosh,,
Maslul,,,,,South,,
Massad,,,,,North,,
Massada,,,,,North,,
Masua,,,,,Yosh,,
Masuot Itzhak,,,,,South,,
Mata,,,,,Jerusalem,,
Matan,,,,,Center,,
Matat,,,,,North,,
Matityahu,,,,,Yosh,,
Matzliach,,,,,Center,,
Matzok Orvim,,,,,North,,
Mavki'im,,,,,South,,
Mazkeret Batya,,,,,Center,,
Mazor,,,,,Center,,
Mazra'a,,,,,North,,
Mefalsim,,,,,South,,
Megadim,,,,,Haifa,,
Megadlim,,,,,Yosh,,
Megiddo Prison,,,,,North,,
Megilot Regional Center,,,,,Yosh,,
Mehola,,,,,Yosh,,
Mei Ami,,,,,North,,
Meir Shfeya,,,,,Haifa,,
Meiser,,,,,North,,
Meishar,,,,,South,,
Meitar,,,,,South,,
Meitarim Industrial Zone,,,,,South,,
Mekhora,,,,,Yosh,,
Melilot,,,,,South,,
Menahemia,,,,,North,,
Menucha,,,,,South,,
Merav,,,,,North,,
Merav Center,,,,,Haifa,,
Merhav Am,,,,,South,,
Merhavia Kibbutz,,,,,North,,
Merhavia Moshav,,,,,North,,
Merhavim Educational Campus,,,,,South,,
Merkaz Hever,,,,,Yosh,,
Merkaz Shapira,,,,,South,,
Merom Golan,,,,,North,,
Meron,,,,,North,,
Mesillat Zion,,,,,Jerusalem,,
Messilot,,,,,North,,
Metulla,,,,,North,,
Metzad,,,,,Yosh,,
Metzar,,,,,North,,
Metzer,,,,,North,,
Metzokei Dragot,,,,,Yosh,,
Metzuba,,,,,North,,
Mevasseret Zion,,,,,Jerusalem,,
Mevo Beitar,,,,,Jerusalem,,
Mevo Carmel Industrial Zone,,,,,Haifa,,
Mevo Dotan,,,,,Yosh,,
Mevo Hama,,,,,North,,
Mevo Horon,,,,,Yosh,,
Mevo Modi'im,,,,,Center,,
Mevuot HaGilboa Industrial Zone,,,,,North,,
Mevuot Hermon Regional Council,,,,,North,,
Mevuot Yericho,,,,,Yosh,,
Midrach Oz,Industrial Park Migdal Oz,,,,North,,
Miflasim,,,,,South,,
Migdal,,,,,North,,
Migdal HaEmek,Migdal Ha`Emeq,,,,North,,
Migdal Oz,,,,,Yosh,,
Migdal Tefen,,,,,North,,
Migron,,,,,Yosh,,
Mi'ilya,,,,,North,,
Mikh'hol,,,,,South,,
Mikhmanim,,,,,North,,
Mikhmoret,,,,,Center,,
Mikveh Israel,,,,,Tel Aviv,,
Milouot Industrial Zone North,,,,,North,,
Mini Israel - Nachshon,נחשון** - מיני ישראל - נחשון,,,,Center,,
Misgav Am,,,,,North,,
Misgav Dov,,,,,South,,
Misgav Regional Center,,,,,North,,
Mishan,,,,,South,,
Mishmar Ayalon,,,,,Center,,
Mishmar David,,,,,Center,,
Mishmar HaEmek,,,,,North,,
Mishmar HaNegev,,,,,South,,
Mishmar HaSharon,,,,,Center,,
Mishmar HaShiva,,,,,Center,,
Mishmar HaYarden,,,,,North,,
Mishmarot,,,,,North,,
Mishmeret,,,,,Center,,
Mishor Edomim Industrial Zone,,,,,Yosh,,
Mitzpeh,,,,,North,,
Mitzpeh Aviv,,,,,North,,
Mitzpeh Ilan,,,,,North,,
Mitzpeh Netofa,,,,,North,,
Mitzpeh Ramon,,,,,South,,
Mitzpeh Shalem,,,,,Yosh,,
Mitzpeh Yericho,,,,,Yosh,,
Mivtachim,Mivtahim,,,,South,,
Mizra,,,,,North,,
M'lilot,,,,,South,,
Mlkishua Rehabilitation Village,,,,,North,,
Modi'in Illit,,,,,Yosh,,
Modi'in-Maccabim-Re'ut,Modiin,מודיעין מכבים רעות,Modi`in Makkabbim Re`ut,,Center,,
Moladah,,,,,South,,
Moledet,,,,,North,,
Moran,,,,,North,,
Morasha Cemetery,,,,,Tel Aviv,,
Moreshet,,,,,North,,
Moshavat Kinneret,,,,,North,,
Motza Illit,,,,,Jerusalem,,
Mu'awiya,,,,,North,,
Muqeible,,,,,North,,
Na'aleh,,,,,Yosh,,
Na'ama,,,,,South,,
Na'an,,,,,Center,,
Nabi Shu'ayb,,,,,North,,
Nachaf,,,,,North,,
Nachal Oz,,,,,South,,
Nachla,,,,,South,,
Nachliel,,,,,Yosh,,
Nachsholim,,,,,Haifa,,
Nachshon,,,,,Jerusalem,,
Nachshonim,,,,,Center,,
Nafha Prison,,,,,South,,
Nahalal,,,,,North,,
Naham,,,,,South,,
Nahariyya,Nahariya Cemetery,Nahariya,,,North,,
Naot Hkikar,,,,,South,,
Na'ot Smadar,,,,,South,,
Nataf,,,,,Jerusalem,,
Nativ Ha'asara,,,,,South,,
Natur,,,,,North,,
Na'ura,,,,,North,,
Naveh,,,,,South,,
Naveh Efal,,,,,Tel Aviv,,
Naveh Harif,,,,,South,,
Naveh Yamin,,,,,Center,,
Naveh Yarak,,,,,Center,,
Nazareth,,,,,North,,
Nebi Samuel,,,,,Yosh,,
Nechalim,,,,,Yosh,,
Negba,,,,,South,,
Negohot,,,,,Yosh,,
Nehora,,,,,South,,
Nehusha,,,,,South,,
Neot Golan,,,,,North,,
Neot HaKikar,,,,,South,,
Neot Kedumim,נאות קדומים,,,,Center,,
Neot Mordechai,,,,,North,,
Neot Smadar,,,,,South,,
Neria,,,,,Yosh,,
Nes Ziyyona,Ness Ziona,Nes Ziona,,,Center,,
Nesher,,,,,Haifa,,
Nesher Industrial Zone (Ramla),,,,,Center,,
Ness Amim,,,,,North,,
Ness Harim,,,,,Jerusalem,,
Neta,,,,,Yosh,,
Neta'im,,,,,Center,,
Netanya,Netanya - East,Netanya - West,,,Center,,
Netiv HaAssara,,,,,South,,
Netiv HaGdud,,,,,Yosh,,
Netiv HaLamed-Heh,,,,,South,,
Netiv HaShayara,,,,,North,,
Netivot,,,,,South,,
Netua,,,,,North,,
Netzer Hazani,,,,,South,,
Netzer Sireni,,,,,Center,,
Neurim,,,,,Center,,
Nevatim,,,,,South,,
Neve Efraim Monosson,,,,,Tel Aviv,,
Neve Eitan,,,,,North,,
Neveh Ativ,,,,,North,,
Neveh Daniel,,,,,Yosh,,
Neveh Haim,,,,,North,,
Neveh Harif,,,,,South,,
Neveh Ilan,,,,,Jerusalem,,
Neveh Michael (Rogalit),,,,,South,,
Neveh Mivtach,,,,,South,,
Neveh Or,,,,,Yosh,,
Neveh Shalom,,,,,Jerusalem,,
Neveh Yam,,,,,Haifa,,
Neveh Yamin,,,,,Center,,
Neveh Yarak,,,,,Center,,
Neveh Ziv,,,,,North,,
Neveh Zohar,,,,,South,,
New Giv'on,,,,,Yosh,,
Nili,נילי,,,,Yosh,,
Nimrod,,,,,North,,
Nin,,,,,North,,
Nir Akiva,,,,,South,,
Nir Am,Nir Am Shooting Range,ניר עם,מטווח ניר עם,,South,,
Nir Banim,,,,,South,,
Nir Chen,,,,,South,,
Nir David,,,,,North,,
Nir Eliyahu,,,,,Center,,
Nir Etzion,Nir Etzion Industrial Area,,,,Haifa,,
Nir Galim,,,,,South,,
Nir Israel,,,,,South,,
Nir Itzchak,Nir Itzhak,,,,South,,
Nir Moshe,,,,,South,,
Nir Oz,,,,,South,,
Nir Zvi,,,,,Center,,
Niran,,,,,South,,
Nirim,נירים,,,,South,,
Nirit,,,,,Center,,
Nitzan,,,,,South,,
Nitzan B,,,,,South,,
Nitzana,,,,,South,,
Nitzanei Oz,,,,,Center,,
Nitzanim,Nitzanim Beach,,,,South,,
Noam,,,,,South,,
NOAM Industrial Park,Noam Industrial Zone,,,,South,,
Nof HaGalil,Nof Hagalil,,,,North,,
Nofech,,,,,Yosh,,
Nofei Nehemiah,,,,,Yosh,,
Nofei Prat,,,,,Yosh,,
Noff Ayalon,,,,,Center,,
Nofim,,,,,Yosh,,
Nofit,,,,,North,,
Noga,,,,,South,,
Nokdim,,,,,Yosh,,
Nordia,,,,,Center,,
North,,,,,South,,
Northern Industrial Zone and port,,,,,South,,
Nov,,,,,North,,
Nurit,,,,,North,,
Odem,,,,,North,,
Ofaqim,Ofakim,,,,South,,
Ofarim,,,,,Yosh,,
Ofer,,,,,Haifa,,
Ofra,,,,,Yosh,,
Ohad,,,,,South,,
Olesh,,,,,Center,,
Omen Settlements,,,,,Yosh,,
Omer,,,,,South,,
Or Akiva,Or `Aqiva,,,,Haifa,,
Or HaGanuz,,,,,North,,
Or HaNer,,,,,South,,
Or Yehuda,,,,,Tel Aviv,,
Ora,,,,,Jerusalem,,
Oranim,,,,,Haifa,,
Oranit,,,,,Center,,
Oron Industry and Commerce,,,,,South,,
Orot,,,,,South,,
Ort Binyamina,,,,,North,,
Ortal,,,,,North,,
Oshrat,,,,,North,,
Otniel,,,,,Yosh,,
Otzem,,,,,South,,
Ovdat,,,,,South,,
Pa'amei Tashaz,,,,,South,,
Paduel,,,,,Yosh,,
Palmachim,,,,,Center,,
Palmachin Industrial Park,,,,,Center,,
Paran,,,,,South,,
Pardes Hanna Karkur,Pardes Hanna - Kakur,פרדס חנה,,,Haifa,,
Pardesiya,Pardessiya,,,,Center,,
Patish,,,,,South,,
Pdaya,,,,,Center,,
Pduim,,,,,South,,
Peki'in,,,,,North,,
Peki'in HaHadasha,,,,,North,,
Pelekh,,,,,North,,
Pereh Hotel,,,,,North,,
Petah Tiqwa,Petah Tikva,Petach Tikva,,,Center,,
Petza'el,,,,,Yosh,,
Pnei Kedem,,,,,Yosh,,
Porat,,,,,Center,,
Poria - Kfar Avoda,,,,,North,,
Poria - Neve Oved,,,,,North,,
Poria Illit,,,,,North,,
Pri Gan,,,,,South,,
Psagot,,,,,Yosh,,
Ptachia,,,,,Center,,
Qalansuwa,Qalansawe,Kalansawe,,,Center,,
Qasr al-Sir,,,,,South,,
Raanana,Ra'anana,Ra`ananna,,,Center,,
Rahat,Rahat and the Bedouin Diaspora,,,,South,,
Rakefet,,,,,North,,
Ram On,,,,,North,,
Rama,,,,,North,,
Ramat Beka Industrial Zone,,,,,South,,
Ramat Dalton Industrial Zone,,,,,North,,
Ramat David,,,,,North,,
Ramat Efal,,,,,Tel Aviv,,
Ramat Gan,Ramat-Gan,Ramat Gan - Bar Ilan University,Ramat Gan - East,Ramat Gan - Ramat Ef'al & Tel Hashomer,Tel Aviv,,
Ramat Gan,Ramat Gan - West,,,,Tel Aviv,,
Ramat Hakovesh,,,,,Center,,
Ramat HaNadiv,,,,,North,,
Ramat HaSharon,Ramat Hasharon,,,,Tel Aviv,,
Ramat HaShofet,,,,,North,,
Ramat Ishai,,,,,North,,
Ramat Magshimim,,,,,North,,
Ramat Pinkas,,,,,Tel Aviv,,
Ramat Rachel,,,,,Jerusalem,,
Ramat Raziel,,,,,Jerusalem,,
Ramat Trump,,,,,North,,
Ramat Yochana,,,,,North,,
Ramat Zvi,,,,,North,,
Ramla,,,,,Center,,
Ramot,,,,,Jerusalem,,
Ramot Hshavim,Ramot HaShavim,,,,Center,,
Ramot Meir,,,,,Center,,
Ramot Menashe,,,,,Haifa,,
Ramot Naftali,,,,,North,,
Ras al-ein,,,,,North,,
Ras Ali,,,,,Haifa,,
Ravid,,,,,North,,
Rechasim,,,,,Haifa,,
Rechelim,,,,,Yosh,,
Rechov,,,,,North,,
Re'em Industrial Park,,,,,South,,
Regavim,Regavim Industrial Zone,,,,North,,
Regba,,,,,North,,
Regional Council Gezer,,,,,Center,,
Regional Council Hevel Modi'in Industrial Park,,,,,Center,,
Rehaniya,,,,,North,,
Rehovot,,,,,Center,,
Rehovot Science Park,,,,,Center,,
Reihan,,,,,Yosh,,
Reim,Re'im,,,,South,,
Reineh,,,,,North,,
Rem Industrial Zone,,,,,South,,
Renan,,,,,South,,
Reshafim,,,,,North,,
Retamim,,,,,South,,
Retorno - Givat Shesh,,,,,South,,
Revacha,,,,,South,,
Revadim,,,,,South,,
Revadim Industrial Zone,,,,,South,,
Revava,,,,,Yosh,,
Revaya,,,,,North,,
Revivim,,,,,South,,
Rimonim,,,,,Yosh,,
Rinatya,,,,,Center,,
Rishon LeZiyyon,Rishon LeZion,Rishon Lezion,Rishon LeZion - East,Rishon LeZion - West,Center,,
Rishpon,,,,,Center,,
Rochama,,,,,South,,
Roee,,,,,Yosh,,
Rosh HaAyin,Rosh Ha’Ayin Train Station,Rosh Ha`Ayin,,,Center,,
Rosh HaNikra,,,,,North,,
Rosh Pinna,Rosh Pina,,,,North,,
Rosh Tzurim,,,,,Yosh,,
Rotem,Rotem Industrial Zone,,,,Yosh,,
Rumana,,,,,North,,
Rumat al-Heib,,,,,North,,
Ruppin Academic Center,,,,,Center,,
Saad,Sa'ad,,,,South,,
Sa'ar,,,,,North,,
Sade Verburg,,,,,Center,,
Safsufa (Kfar Hoshen),,,,,North,,
Sajur,,,,,North,,
Sakhnin,,,,,North,,
Salama,,,,,Center,,
Salit,,,,,Yosh,,
Samar,,,,,South,,
Sandala,,,,,North,,
Sansana,,,,,South,,
Sapir,Sapir Academy,Sapir College,,,South,,
Sapirim Industrial Park,,,,,South,,
Sarid,,,,,North,,
Sassa,,,,,North,,
Savion,Savyon,,,,Tel Aviv,,
Sa'wa,,,,,South,,
Sawad Humeria,,,,,South,,
Sawwa-Mulada,,,,,South,,
Sdeh Avraham,,,,,South,,
Sdeh Bar,,,,,South,,
Sdeh Boker,,,,,South,,
Sdeh David,,,,,South,,
Sdeh Eliezer,,,,,North,,
Sdeh Eliyahu,,,,,North,,
Sdeh Ilan,,,,,North,,
Sdeh Itzhak,,,,,North,,
Sdeh Meron School,,,,,North,,
Sdeh Moshe,,,,,South,,
Sdeh Nachum,,,,,North,,
Sdeh Nechemia,,,,,North,,
Sdeh Nitzan,Gaza Containment 234** - Sdeh Nitzan,,,,South,,
Sdeh Nitzan,,,,,South,,
Sdeh Uziahu,,,,,South,,
Sdeh Warburg,,,,,Center,,
Sdeh Yacov,,,,,North,,
Sdeh Yoav,,,,,South,,
Sdeh Zvi,,,,,South,,
Sdei Avraham,,,,,South,,
Sdei Hemed,,,,,Center,,
Sdei Trumot,,,,,North,,
Sderot,שדרות,Sederot,,,South,,
Sdot Micha,,,,,South,,
Sdot Negev Educational Center,Sdot Negev Educational Community,,,,South,,
Sdot Yam,,,,,North,,
Segev Shalom and the Bedouin Diaspora,Segev Shalom,,,,South,,
Sgula,,,,,South,,
Sha’ar HaGai,,,,,Jerusalem,,
Sha'ab,,,,,North,,
Sha'al,,,,,North,,
Sha'alabim,,,,,Center,,
Sha'ar Binyamin Industrial Zone,,,,,Yosh,,
Shaar Efraiim,Sha'ar Efraim,,,,Center,,
Sha'ar HaAmakim,,,,,North,,
Sha'ar HaGolan,,,,,North,,
Shaar Hanegev Industries,Sha'ar Hanegev Industries,,,,South,,
Sha'ar Menashe,,,,,North,,
Sha'ar Na'aman Industrial Zone,,,,,North,,
Sha'arei Tikva,,,,,Yosh,,
Shachar,,,,,South,,
Shachrut,Shacharot,Six Senses Shaharut Hotel,,,South,,
Shadmot Dvora,,,,,North,,
Shadmot Mechola,,,,,Yosh,,
Shafir,,,,,South,,
Shahak industrial park,,,,,Yosh,,
Shaked,,,,,Yosh,,
Shalva,,,,,South,,
Shamir,,,,,North,,
Shanti BaMidbar,,,,,South,,
Sharona,,,,,North,,
Sharsheret,,,,,South,,
Shavei Darom,,,,,South,,
Shavei Shomron,,,,,Yosh,,
Shavei Zion,,,,,North,,
Shchoret Industrial Zone,,,,,South,,
Shdema,,,,,South,,
Shear Yeshuv,,,,,South,,
Shefayim,"Shfayim ""Haneh Ve'sa"" Compound",,,,Center,,
Shefer,,,,,North,,
Sheikh Danun,,,,,North,,
Shekef,,,,,Yosh,,
Shekhanya,,,,,North,,
Sheni LeYavne,,,,,Center,,
Shezor,,,,,North,,
Shfaram,Shefa-Amr,Shefaram,Shefar`am,,North,,
Shibli,,,,,North,,
Shibolim,,,,,South,,
Shilat,,,,,Center,,
Shilo,,,,,Yosh,,
Shim'a,,,,,Yosh,,
Shimshit,,,,,North,,
Shita and Gilboa Prison,,,,,North,,
Shitim,,,,,South,,
Shlafim,,,,,North,,
Shlomi,,,,,North,,
Shlomit,,,,,South,,
Shluchot,,,,,North,,
Shoeva,,,,,Jerusalem,,
Shoham,שוהם,,,,Center,,
Shokeda,,,,,South,,
Shokedet,,,,,South,,
Shoket Junction Center,,,,,South,,
Shomera,,,,,North,,
Shomrat,,,,,North,,
Shomria,,,,,Yosh,,
Shorashim,,,,,North,,
Shoresh,,,,,Jerusalem,,
Shoshanat Ha'Amakim,,,,,North,,
Shoval,Shuval,,,,South,,
Shtula,,,,,North,,
Shtulim,,,,,South,,
Shuva,,,,,South,,
Shvil HaTapuzim Compound,,,,,Center,,
Shvut Rachel,,,,,Yosh,,
Sitria,,,,,Center,,
Six Senses Shaharut Hotel,,,,,South,,
Snir,,,,,South,,
South and Jaffa,Jaffa,,,,Tel Aviv,,
Southern Sharon Regional Center,,,,,Center,,
Srigim,Srigim (Li-On),Srigim-Li On,,,South,,
Sufa,,,,,South,,
Sulam,,,,,North,,
Susita Beach,,,,,North,,
Susya,,,,,Yosh,,
Ta'ashur,,,,,South,,
Tabgha,,,,,North,,
Taibe (Gilboa),,,,,North,,
Tal Menashe,,,,,Yosh,,
Tal Shachar,,,,,Jerusalem,,
Tal-El,,,,,North,,
Talmei Bilu,,,,,South,,
Talmei Elazar,,,,,North,,
Talmei Eliyahu,,,,,South,,
Talmei Yaffe,,,,,South,,
Talmei Yehiel,,,,,South,,
Talmei Yosef,Talmei Yossef,,,,South,,
Talmon,,,,,Yosh,,
Tamra,Tamra Industiral Park,,,,North,,
Taoz,,,,,Jerusalem,,
Tarom,,,,,Center,,
Tashur,,,,,South,,
Tayibe,Taibeh,Et Taiyiba,,,Center,,
Tefahot,,,,,North,,
Tel Adashim,,,,,North,,
Tel Arad,,,,,South,,
Tel Arad and El Pura,,,,,South,,
Tel Aviv-Yafo,Tel Aviv,South and Jaffa,,,Tel Aviv,,
Tel Aviv-Yafo,Tel Aviv - Across the Yarkon,Tel Aviv - City Center,Tel Aviv - East,Tel Aviv - South and Jaffa,Tel Aviv,,
Tel Aviv-Yafo,Tel Aviv (Central),Tel Aviv (North),Tel Aviv (South East),Tel Aviv (South West),Tel Aviv,,
Tel Hai,,,,,North,,
Tel Itzhak,,,,,Center,,
Tel Katzir,,,,,North,,
Tel Mond,,,,,Center,,
Tel Regev Cemetary,,,,,Haifa,,
Tel Sheva,,,,,South,,
Tel Teomim,,,,,North,,
Tel Yossef,,,,,North,,
Tel Zion,,,,,Yosh,,
Telem,,,,,Yosh,,
Teneh Omarim,,,,,Yosh,,
Teradion Industrial Zone,,,,,North,,
Terrabin a Tzana',,,,,South,,
Tiberias,,,,,North,,
Tidhar,,,,,South,,
Tifrach,,,,,South,,
Timna Mines,,,,,South,,
Timorim,,,,,South,,
Timorimg Industrial Zone,,,,,South,,
Timrat,,,,,North,,
Tira,Tira Industrial Area,Tirah,,,Center,,
Tirabin,,,,,South,,
Tirabin al-Sana and the Bedouin Diaspora,,,,,South,,
Tirat Karmel,Tirat Carmel,,,,Haifa,,
Tirat Yehuda,,,,,Center,,
Tirat Zvi,,,,,North,,
Tirosh,,,,,South,,
Tko'a,,,,,Yosh,,
Tkuma,Gaza Containment 216** - Tkuma,Tkuma and Havat Izra'am,Tkumah,Gaza Containment 216** - Tkuma and Havat Izra'am,South,,
Tlalim,,,,,South,,
Tlamim,,,,,South,,
Tnuvot,,,,,Center,,
Tomer,,,,,Yosh,,
Tsemach,,,,,North,,
Tuba-Zangariyye,,,,,North,,
Turan,,,,,North,,
Tushiya,,,,,South,,
Tuval,,,,,North,,
Tzafria,,,,,Center,,
Tzafririm,,,,,South,,
Tzahar Industrial Zone,,,,,North,,
Tzalfon,,,,,Jerusalem,,
Tzeelon Beach,,,,,North,,
Tzemach Industrial Zone,,,,,North,,
Tzfat,נוף כנרת** - צפת - נוף כנרת,צפת,עיר** - צפת - עיר,Tsfat,North,,
Tzfat,עכברה** - צפת - עכברה,Zefat,Safed,,North,,
Tzfat,Safed - 'Akbara,Safed - City,Safed - Nof ha-Kinneret,,North,,
Tziporit Industrial Zone,,,,,North,,
Tzippori,,,,,North,,
Tzofar,,,,,South,,
Tzofit,,,,,Center,,
Tzohar,Tzohar and Ohad,,,,South,,
Tzora,,,,,Jerusalem,,
Tzrufa,,,,,Haifa,,
Tzuba,,,,,Jerusalem,,
Tzukim,,,,,South,,
Tzur Hadassa,,,,,Jerusalem,,
Tzur Igal,,,,,Center,,
Tzur Itzhak,,,,,Center,,
Tzur Moshe,,,,,Center,,
Tzur Natan,,,,,Center,,
Tzur Yitzhak,,,,,Center,,
Tzuriel,,,,,North,,
Tzurit Gilon,,,,,North,,
Udim,,,,,Center,,
Umm al-Ghanam,,,,,North,,
Umm al-Qutuf,,,,,North,,
Umm Batin,,,,,South,,
Umm el Fahm,Umm al-Fahm,,,,Haifa,,
Urim,,,,,South,,
Usha,,,,,Haifa,,
Uzeir,,,,,North,,
Uzza,,,,,South,,
Vardon,,,,,South,,
Vav,,,,,South,,
Vered Yericho,,,,,Yosh,,
Wadi al-Na'am,Wadi el Na'am South,,,,South,,
Wadi Hamam,,,,,North,,
Wingate Institute,,,,,Center,,
Ya'ad,,,,,North,,
Yaaf,,,,,Center,,
Ya'ara,,,,,North,,
Yad Binyamin,,,,,South,,
Yad Hana,,,,,Center,,
Yad HaShmona,,,,,Jerusalem,,
Yad Mordecai,Yad Mordechai,,,,South,,
Yad Natan,,,,,South,,
Yad Rambam,,,,,Center,,
Yael Settlements,,,,,North,,
Yafhiv,,,,,Center,,
Yafia,,,,,North,,
Yafit,,,,,Yosh,,
Yagel,,,,,Center,,
Yagur,,,,,Haifa,,
Yahel,,,,,South,,
Yakhini,,,,,South,,
Yakir,,,,,Yosh,,
Yakum,,,,,Center,,
Yanuh-Jat,,,,,North,,
Yanuv,,,,,Center,,
Yarden Estate Boutique Hotel,,,,,North,,
Yardena,,,,,North,,
Yarhiv,,,,,Center,,
Yarka,,,,,North,,
Yarkona,,,,,Center,,
Yashresh,,,,,Center,,
Yasur,,,,,North,,
Yated,,,,,South,,
Yatzitz,,,,,Center,,
Yavne,Yavne Industrial Zone,Yavne Region Industries,,,Center,,
Yavne'el,,,,,North,,
Yearot HaCarmel,,,,,Haifa,,
Yechiam,,,,,North,,
Yehud,,,,,Center,,
Yehud-Monosson,Yahud Monoson,יהוד מונוסון,,,Center,,
Yemin Orde Youth Village,,,,,Haifa,,
Yeruham,,,,,South,,
Yesha,,,,,South,,
Yesodot,,,,,South,,
Yesud Hama'ala,,,,,North,,
Yevul,,,,,South,,
Yezra'am Farm,,,,,South,,
Yinon,,,,,South,,
Yir'on,,,,,North,,
Yish'i,,,,,Jerusalem,,
Yitav,,,,,Yosh,,
Yizre'el,,,,,North,,
Yodfat,,,,,North,,
Yokneam Moshava and HaZoreah,,,,,Haifa,,
Yonatan,,,,,North,,
Yoqne`am `Illit,Yokneam Illit Industrial Zone,Yokneam Illit,Yokneam,,North,,
Yoshivia,,,,,South,,
Yotvata,Yotvata Hai Bar Nature Reserve,,,,South,,
Yuvalim,,,,,North,,
Zain,,,,,South,,
Zalmon Prison,,,,,North,,
Zanoah,,,,,Jerusalem,,
Zarit,,,,,North,,
Zarqa,,,,,North,,
Zarzir,,,,,North,,
Zavdiel,,,,,South,,
Ze'elim,,,,,South,,
Zeitan,,,,,Center,,
Zekharia,,,,,South,,
Zemer,,,,,Center,,
Zichron Yacov,,,,,North,,
Zikim,Zikim Beach,,,,South,,
Zimrat,Zimrat and Shuva,,,,South,,
Zivon,,,,,North,,
Zohar,,,,,South,,
Zrahia,,,,,South,,
Zrifin Industrial Zone,,,,,Center,,
Zru'a,,,,,South,,
Zufim,,,,,Yosh,,
Zvaim Industrial Zone,,,,,North,,
